budget,popularity,runtime,vote_average,vote_count,revenue
64770415,2.48,115,6.1,4672,314880716
297791430,6.13,134,5.1,3170,782694849
19246390,34.11,171,7.9,17956,101404365
154352498,48.76,80,8.4,5331,900747585
88472422,13.7,177,6.5,3139,294435038
189659822,36.62,183,5.2,15154,1372848104
208224098,5.65,117,8.7,20367,1006437519
108234149,42.57,85,8.0,25431,329857011
129978655,52.12,128,6.3,20930,536889709
195734506,13.36,114,8.2,22498,1163025589
96879360,32.51,111,5.7,12533,597121632
122904996,41.39,187,8.5,1932,339468108
174357567,24.67,88,5.9,18685,732008401
273022742,24.34,162,7.1,8779,1443022368
294361229,16.5,154,6.9,19221,870228468
79266288,31.06,91,8.4,28316,450139018
231645405,36.19,129,6.7,15437,1899997955
11163826,41.14,94,8.1,17695,97639047
187630317,7.58,135,5.7,206,1224123606
146405916,58.34,177,5.8,3586,766237887
277549434,36.93,99,6.7,5393,1977466242
289731459,55.19,156,6.5,738,1279751052
170095391,15.13,110,9.0,2680,749088874
42158185,58.7,148,8.4,4307,470392693
93651861,16.64,157,6.9,7040,660439155
112992155,43.06,131,9.5,21395,1077344644
247389777,8.14,108,5.3,789,627864949
123228310,1.42,170,7.8,7601,193484197
182397447,5.18,110,6.3,16006,334443438
258763327,15.34,140,8.6,6339,1316095561
195212059,25.99,139,8.9,1875,1873312452
57837693,4.58,173,6.5,28335,111277003
292916220,27.47,134,5.8,15259,1704697248
242904006,48.67,189,7.5,1757,1671016961
12923061,58.17,176,8.8,5549,89120270
220306864,54.24,101,6.7,12893,1623848529
249280759,17.83,169,9.3,25769,1792925697
88105914,12.2,107,9.4,19078,270050351
173365303,4.37,154,7.1,28041,364060655
277638348,5.73,103,5.3,2326,727389816
69363633,56.55,152,6.1,19581,183102845
285666834,19.67,113,5.9,23568,802209824
75264740,40.63,118,7.1,24737,228613845
58677026,5.32,107,7.3,4440,432090476
136149196,22.8,100,7.0,17900,812502349
288972873,1.46,184,7.5,21837,1322977820
146984061,7.81,93,8.3,5193,697317950
189082453,13.01,161,8.8,16661,1424581204
32272449,6.45,134,8.7,1544,158034181
145636163,10.53,136,7.5,14114,386063357
85022911,33.19,186,6.7,18205,218831464
170494940,22.51,181,9.4,1407,787685715
138965256,40.35,125,8.5,29071,1518596591
87975191,55.62,110,8.9,26310,987306201
18307079,11.58,122,8.5,13591,146590724
138233772,16.74,180,8.2,12635,1151298814
124418192,12.77,138,6.6,26987,423752834
17704747,39.94,131,6.5,28423,102216844
193520142,38.85,131,8.1,27745,1770914441
66923628,52.75,113,5.8,8798,342350680
190589352,43.98,120,7.0,16858,1359250994
107047765,16.03,170,7.0,17136,614351932
110782431,22.49,88,9.3,10919,804887136
71907706,43.47,118,7.3,21952,366068830
163728676,33.71,104,6.9,12523,1349973885
166571235,24.96,186,5.0,9501,745307934
178006239,28.43,136,8.0,16850,1413905944
96102372,39.87,116,7.3,20840,317289232
131094117,40.69,108,8.6,4928,498381834
260086880,37.07,178,5.3,13680,1578088440
211146870,30.17,111,5.7,22632,941071286
62223618,46.93,108,5.8,22903,169244931
138787304,55.13,95,7.1,26360,900483620
175348042,57.05,136,7.8,23669,1229693096
299136515,27.31,100,8.3,15654,2115698707
153880396,46.18,146,7.2,7939,447868390
158399134,14.84,122,6.4,17799,317894506
210640506,41.94,170,6.0,13694,1115068211
228217093,4.67,186,6.9,29749,1569145566
15486136,51.55,177,7.6,15729,68596512
214372487,51.35,186,6.9,24594,1891608398
123400809,29.81,114,7.0,1051,720521899
222065859,43.73,187,7.1,4282,1594838652
216538012,35.92,164,5.1,21161,1348984606
102565028,3.97,128,6.5,14999,448490553
208541836,17.42,186,6.9,27458,352089273
294598399,4.07,124,6.0,2348,1442819949
21659103,57.03,105,8.8,20459,81291982
66412366,34.27,107,7.1,8496,251919014
66489365,46.89,100,9.3,3642,701660573
206491389,24.4,171,5.9,19501,1144695465
59707845,42.13,118,8.8,19774,572844526
27048823,21.49,134,8.0,2359,117076686
230517319,49.52,93,7.0,11968,2001068150
87136497,26.69,173,7.3,21414,543204804
293929379,46.7,139,7.0,24054,1447120965
136799213,50.01,91,6.3,14871,681377441
208468333,20.85,143,8.8,6058,969536090
143701895,21.08,156,8.2,9152,796053350
107572638,6.05,172,6.8,18292,598085584
268507696,27.44,82,5.4,7361,791633018
203116346,28.92,147,6.5,24542,850867899
248602634,16.98,112,6.0,23735,494752563
292689772,57.1,168,5.8,7190,1406131413
286662274,36.21,92,8.7,9807,1034696540
12595844,42.77,96,6.2,1886,84622365
72795784,38.63,176,7.2,28697,252181889
262007733,26.99,103,9.3,8373,1805775408
40080988,24.64,89,7.6,22593,102710272
168120451,6.03,111,5.5,25149,601538829
126164857,46.77,128,7.0,14607,758514988
235226264,19.02,159,5.3,24351,915995572
118293290,16.61,90,5.7,5795,300235018
224321201,27.58,156,7.1,1169,1243477983
248756212,5.2,109,9.2,25915,1560548354
111203382,26.08,149,6.0,4982,828667518
43337865,4.52,181,6.4,24641,285521107
240768714,8.34,168,6.4,13289,1186726381
270104289,26.83,156,5.2,14256,1430859857
18886110,6.39,166,8.8,18948,45192737
149692629,35.0,177,8.4,15517,850683267
154334175,11.71,154,7.0,26781,365037528
191810170,25.09,121,8.0,28206,802782785
271002906,18.0,131,8.7,18125,640396127
140505600,20.07,178,6.8,16962,336257195
296302717,28.26,86,5.8,11954,1429522769
242318929,45.84,106,6.2,4393,1464528988
265227665,8.16,160,7.7,7941,1042926798
12341422,33.58,91,6.0,27671,68693521
68064156,39.21,99,7.2,23581,435644866
228064677,50.25,140,6.1,18163,730612632
277859750,45.03,97,8.9,9152,2834828395
187469129,56.12,144,6.2,184,800556918
267873656,52.05,137,7.4,11409,2066385971
207513106,27.87,121,8.9,22955,965195164
225533202,3.58,175,7.1,26688,1309548494
86660921,30.22,84,5.6,19439,201242733
241387597,6.88,138,5.1,4823,870501843
87872049,5.41,180,9.4,11193,422466548
48118958,51.25,189,8.0,17585,241826788
266964808,52.47,84,7.8,7792,2680570627
127130766,45.06,135,9.4,25015,1300317578
243198108,10.82,118,9.1,1607,599222429
197448542,23.12,98,6.1,13602,1205754619
96259276,11.33,158,8.9,20406,537837442
81835742,14.7,161,6.1,8466,526394274
254780938,54.17,166,7.5,2520,1341625241
165607213,38.7,134,8.1,15069,754010707
211530612,51.35,93,6.1,18840,885382820
163500806,2.29,186,8.0,9094,751808963
31330428,54.73,175,7.2,29727,298148379
128543871,36.82,125,6.0,6330,816447885
78432792,38.07,160,7.9,10223,248977568
200883382,44.21,91,9.1,10805,940032682
75952750,47.4,126,7.4,9030,381534401
263690083,58.08,117,8.4,11199,1972483929
45426037,9.3,108,8.9,23831,220998576
201373987,6.33,130,5.1,17682,414091227
145746835,35.49,185,7.9,12272,507648302
18435005,37.55,151,6.5,20091,44241975
254251732,54.65,118,7.9,3923,2235814209
168404488,59.76,94,5.4,29173,867506972
204185291,40.56,175,8.1,17801,1545369294
87958849,53.24,163,5.4,16134,753935181
155184347,2.93,127,6.0,14671,978590259
58340607,58.87,127,7.5,21229,330147010
106902693,58.12,188,8.7,3103,936871497
16466197,3.98,122,6.1,4226,47001424
116216766,35.6,184,8.9,10866,1058972941
6522324,17.36,98,9.4,17801,21338120
18840614,8.78,125,8.6,7896,44738559
147468098,4.09,174,6.9,3824,648503255
199368194,31.28,93,7.0,7359,612345179
284951990,18.8,162,9.3,2093,2696383593
233853906,41.48,142,8.2,14634,658611936
84636119,4.88,115,7.8,19281,307798375
289840532,18.4,144,7.7,3349,932271365
120439628,26.37,109,6.9,27212,530919300
56048821,19.44,120,8.0,12365,417632358
259620634,4.96,186,5.4,14251,795137669
74855202,33.83,155,9.3,18505,260570409
194836522,52.54,176,6.9,23727,764411634
172744726,21.75,153,7.3,5170,633998762
63099302,21.66,151,6.7,25089,182909339
235377969,50.86,178,8.7,20205,1819678806
148584904,2.71,114,8.2,10224,673934861
102391367,52.32,152,8.0,2380,684520316
21458905,6.41,147,6.0,13857,47302696
172309037,43.57,179,9.2,19637,506215568
89508794,45.51,86,8.0,9016,507687293
242320664,25.44,107,8.4,3829,722359632
266258969,32.09,119,5.2,13051,746592832
114748830,18.78,107,8.5,25140,445143918
9149961,30.35,135,5.8,12558,30262794
195142053,5.25,190,8.3,14394,1020778236
173073144,34.97,153,6.8,21076,507579473
16197277,58.01,101,8.6,20354,138555517
199268185,6.2,188,5.5,14376,742389892
217475625,52.36,175,6.5,11013,757922933
66217586,32.31,104,9.1,11548,588488534
84290376,14.94,98,6.2,5785,474598806
45454981,11.45,178,7.8,15302,308879012
246004174,41.19,152,7.9,20564,2130679194
174725778,9.91,88,7.1,20789,507197119
35157177,21.76,89,6.4,14908,104917920
159123309,5.53,190,9.4,3058,868037521
253416429,35.24,181,8.3,1444,2003956612
106060294,19.97,140,7.3,2127,677472552
189381750,58.96,90,7.3,5754,1299663284
240912778,31.92,158,5.7,12317,1183879676
186659478,41.05,86,8.6,21310,911083322
212535077,17.76,172,8.8,29799,736320042
48756044,35.38,98,9.1,10265,441219914
215430840,8.61,170,9.2,10244,1332574339
181349506,48.98,165,8.2,24308,2033075388
55172179,39.12,134,7.3,697,192486212
119993810,21.16,178,7.2,7523,443352232
163802173,50.82,92,7.3,17787,1635647625
25265528,40.05,178,7.8,19670,90123775
93873162,43.55,85,6.8,22263,884090584
157969517,45.39,180,7.0,17598,1265735607
256800832,54.33,104,6.7,18791,1776348300
156275044,46.91,144,7.4,5410,1424420204
79302145,52.51,86,7.9,28743,741059932
281976742,51.22,116,5.4,5353,2003375189
84107205,50.03,91,9.3,7375,939277156
19318450,25.48,130,7.3,7825,50142422
125548330,2.66,92,8.8,21397,333949709
25563871,17.93,186,7.1,27333,121341453
245841083,37.31,90,5.1,7166,1400208626
288345168,25.97,179,6.3,9968,782961042
250411006,4.71,187,9.1,19653,1453736375
134889545,43.39,117,6.9,20246,785795970
105563388,40.2,90,7.4,11916,525859520
277369483,47.4,144,7.5,12894,959988224
212705324,58.88,112,8.4,11801,1364865603
60654115,46.52,174,8.4,4471,352129542
99000256,49.99,167,7.1,22886,388867776
77398429,4.72,179,9.2,1311,174140517
112089550,53.26,120,9.2,16988,1056982169
259154564,15.95,176,7.9,9475,1572925517
183200709,17.12,182,6.7,29246,723981045
212578330,21.0,103,7.2,16402,1289991198
148194581,48.27,173,6.9,14210,1244395275
297849337,18.33,93,5.4,21757,971439398
233769325,10.83,136,6.6,1487,1581676965
238506904,17.2,181,9.3,2558,1286005746
280460958,48.26,166,5.7,1120,1446819987
240242244,3.05,88,6.1,21240,680514664
22386736,36.7,166,7.0,12255,150108009
78924496,32.24,130,6.4,9232,200026030
104883784,30.44,129,9.1,3958,431204061
244591052,13.66,158,6.3,16195,502313190
44756387,27.67,171,7.0,2976,392324231
176577377,40.4,170,5.3,17865,605116879
89559984,43.0,169,7.9,26107,363604507
112900513,47.73,110,8.6,961,778135514
255936598,48.42,150,5.6,29074,896146917
261981373,32.02,178,6.8,18938,1684570652
44817040,27.55,167,7.3,4305,355587356
102690714,46.3,96,6.9,29942,940240504
283153965,10.03,101,5.7,23343,1303043875
283581129,53.8,188,5.4,6532,1746636003
72200288,37.88,158,7.4,16568,479526449
87782416,11.1,159,8.2,19929,580978222
27116022,49.69,83,5.4,21119,119167921
118176887,46.25,133,7.8,1092,844561916
160516286,38.87,118,7.2,26468,913742694
248494654,5.31,87,5.7,13719,574288355
82131540,19.44,171,6.4,28305,297523178
203932253,31.38,93,6.4,15385,792717436
80633107,6.71,117,9.3,28416,314883862
90738103,49.0,153,8.2,6320,648615978
281340793,28.54,119,7.2,3050,1755168902
134240206,13.69,125,5.2,9319,692307645
257644392,17.86,81,8.8,14220,877874045
201375374,46.07,126,5.2,1776,698040977
159941858,5.34,144,7.0,18117,881208111
68786181,8.59,92,6.8,26147,381903814
201283426,45.54,105,7.7,13252,616417988
78570841,43.1,182,7.1,15074,566672563
80044347,20.35,158,6.4,12976,564872071
165650212,36.03,144,8.7,17543,1096799791
259956021,49.13,127,6.5,3691,1957849590
19306082,36.22,113,9.4,25754,159457444
127161339,43.56,154,7.2,17278,888319165
209113132,9.72,167,6.1,18861,576474033
15166923,27.02,133,5.7,22726,57593625
258191252,52.5,174,8.3,23226,1038116623
179509639,59.89,141,7.4,10381,1325006388
291220412,21.2,125,8.0,28531,1933079562
146928364,36.99,104,9.3,9242,678914047
164780600,46.5,170,5.9,23201,869485895
151811397,17.98,153,8.0,12541,800717853
190292767,57.32,182,5.7,1478,1258313405
190952495,55.52,163,6.2,15798,1386006156
150563268,56.05,169,6.2,3679,1031399633
135168671,4.0,147,6.0,7729,311244979
258619916,6.93,178,5.6,18133,734644124
260389300,29.17,105,8.4,9512,1623536656
53028856,39.49,109,7.4,23795,169290524
98987187,25.66,187,5.8,1290,487232980
270957205,11.99,175,9.3,9585,769754168
62606619,55.78,122,6.3,21114,380407037
77048045,51.21,139,6.2,26603,235856357
251377829,39.25,171,5.8,24237,909433749
108702678,11.35,189,7.9,13387,605415165
51566987,24.65,92,5.8,4707,332445866
8666894,16.39,110,7.0,8848,37746785
11139513,16.43,126,8.1,2135,58235381
90747318,24.92,144,9.2,29191,458402994
68037096,38.68,117,6.7,7336,193558292
87240874,27.84,157,6.7,23101,426588225
293577610,48.32,185,6.0,8208,1934429764
48953786,32.0,147,8.2,2659,187886477
299016950,54.27,105,7.6,5010,2410039391
242211342,7.86,106,8.2,16117,930601739
34869246,27.75,145,6.9,18578,134771144
170447273,43.67,130,6.1,198,1100221583
29314777,26.0,169,5.3,2074,79559106
258441297,2.87,132,5.8,4537,1588045575
230680099,23.09,128,7.0,29812,564804107
294534625,8.85,190,6.6,5948,1337174496
73368944,43.94,108,8.8,24878,315311321
297296866,26.02,128,8.7,8210,1040148839
106189671,56.31,172,8.4,1155,742866366
13399773,15.2,88,5.5,1200,59270942
31132901,15.44,85,6.8,7778,180465965
35303162,9.27,117,6.1,24070,153690681
177155774,14.98,98,9.4,17180,682737244
37726382,33.85,155,9.0,29970,249488240
271084387,3.77,124,9.2,22098,1313530797
228512586,25.09,118,6.7,24820,798158174
125980933,18.74,170,5.6,15272,669724523
228610957,33.88,97,6.7,8455,1208966926
246477460,50.98,91,7.4,27277,1025669065
26231931,52.54,104,8.6,19353,207200332
262372805,13.32,122,6.4,29885,1194357425
67983652,45.07,176,7.2,8049,532213500
217940212,54.99,150,6.4,9375,1302506292
197876007,19.2,126,7.3,16394,1255497522
257055750,45.94,120,9.1,12247,816830991
123795625,44.73,82,6.2,19237,636056071
86825252,12.58,109,6.7,27407,337862137
186228444,16.18,185,7.2,23809,914393531
95319750,44.23,125,5.8,23703,332795487
296057504,59.43,87,7.4,27594,3300818108
31045966,46.1,132,5.6,20766,178176085
9907786,13.9,138,6.7,20345,67921440
264418255,39.9,82,5.0,18176,553522529
152500310,32.61,116,5.1,26745,687163701
101243154,7.31,92,7.4,7996,379441150
195289116,16.77,130,5.4,13404,525809035
126256191,18.7,185,8.8,21521,969536959
22010490,6.52,128,6.7,15697,29887041
97010856,5.88,188,7.0,25802,550788274
56196994,53.79,85,6.0,29632,532530143
260282273,16.99,89,8.1,9287,1667160213
22664011,11.58,188,6.4,6888,123955818
218833546,55.8,118,5.7,7979,1792743248
295212247,20.57,176,8.3,26003,2372746748
273861112,44.98,124,5.2,14422,642605598
217978324,58.17,121,5.1,9056,1282490879
127480865,21.99,128,6.9,22372,548354790
163580651,48.09,171,5.3,8880,898342961
87826773,44.64,120,6.6,3098,313822700
198229233,45.92,93,5.6,6240,1076266902
280114584,25.07,83,5.4,18260,1030527485
179177204,51.96,81,6.3,12807,1450312147
135321399,34.75,101,8.1,5654,534599951
269743900,9.61,101,7.0,13898,1349404285
198877463,15.85,111,8.2,16346,696080357
62430355,8.99,80,9.3,10986,326387045
181921361,26.97,135,8.7,28264,1234849033
166294964,19.92,168,5.9,10395,516383504
176335728,18.2,168,7.8,18970,801909781
155484994,49.17,130,6.6,18576,1250946995
101597686,41.22,150,5.1,23929,592884889
240393711,48.06,186,8.1,26935,2319070856
273061373,9.21,118,6.1,21683,763268173
207395405,5.36,156,7.2,13233,1291164186
229573475,33.08,181,9.4,23091,1740660401
50624329,7.45,111,8.0,11732,219846955
219543140,58.04,122,9.3,14205,800944983
124185923,31.13,146,7.5,22633,655892797
214988556,28.32,166,7.6,16499,1530354663
264185754,7.17,133,9.1,2913,1664211561
81061280,21.55,123,7.0,6878,326358421
57410967,26.85,169,7.0,2301,353862304
66785932,2.33,123,7.9,22288,494428273
135949766,31.44,150,5.7,18445,584564981
222458184,38.16,103,7.9,14260,1605915369
110937748,27.52,134,6.7,23192,358434297
38588656,35.06,182,8.9,6226,152468742
66179108,16.48,190,7.2,21042,245691753
215745458,35.63,124,6.6,15103,1603858975
164689476,55.2,155,5.4,4489,603965782
67786467,11.8,168,5.6,12829,143492382
211002719,25.96,142,7.9,22822,1978350263
98004725,33.74,142,6.3,6230,427306574
33782325,52.07,81,7.2,6493,356678423
276354969,39.53,132,8.1,13719,1702811950
94793533,5.88,83,8.6,7326,308613823
293626429,18.03,179,7.1,24430,1546533689
279236873,7.68,94,6.2,17896,1079718462
27339479,45.84,136,7.5,14031,194985179
137892529,18.56,84,7.0,11522,408514981
68021142,46.76,110,5.9,24270,319516049
234870442,10.79,97,8.5,26757,518609749
193342625,32.4,156,7.4,10705,973233206
148528713,57.19,145,9.4,22359,723705338
225974037,55.21,115,8.9,4257,1018856085
83513851,42.97,186,6.1,27741,474594903
149266420,38.04,128,7.0,20862,1201871577
221278862,31.42,115,8.1,28847,1805746326
180712092,35.34,179,8.8,3152,1162611584
197319363,51.16,181,7.4,7237,1976587086
270598064,16.84,186,6.3,18034,1290667072
265563803,47.51,167,8.4,1605,1988391989
251736080,1.96,189,5.7,15059,837464668
113618757,59.75,96,9.0,9991,1118247530
152113079,6.51,126,6.1,12284,723856102
32803080,24.38,119,8.3,24847,188847200
56101349,1.06,141,5.4,19553,170767268
9985892,1.48,123,8.7,28291,26463789
43025659,14.51,91,8.3,3456,153020757
165661483,9.09,179,8.7,28755,1070102397
81693656,5.04,152,5.0,21399,163377556
119383272,38.06,99,9.1,20287,1153621571
51540280,53.9,97,8.4,19419,318397303
235526327,19.56,97,6.1,21222,839507548
157965694,46.96,168,5.1,27856,669897438
282964446,36.81,104,8.4,9784,2397046941
133495261,30.2,94,6.1,21008,687124893
11478426,59.23,120,5.6,28307,69337497
298322763,41.29,177,7.1,25343,1560241266
12405289,16.47,85,9.2,25963,50401885
273998614,46.26,134,8.2,2800,1930557020
86969688,17.37,119,5.4,6758,265862262
180422730,24.05,161,8.4,21393,555477384
239873529,44.07,188,6.1,8111,994653734
248402155,37.13,87,6.4,24403,886781639
11799454,42.77,169,5.1,16366,71564934
144182155,10.85,96,8.4,28721,911515420
20760519,20.77,134,6.2,2192,122633304
46376658,30.27,145,6.6,16471,169883753
89455152,16.05,93,9.0,22189,371543480
278173282,1.15,189,8.9,8113,876095020
85576093,11.56,189,5.2,26416,484444146
230147182,14.25,111,6.9,23702,1259092146
205149860,8.04,166,9.1,5976,941226366
29657724,57.29,88,8.9,28478,277643105
180718347,6.1,138,5.0,6675,649462046
135236291,28.37,155,9.4,25416,1157541678
298431759,45.87,111,5.7,13536,1321559266
10151176,57.11,80,8.4,12429,99298691
60807205,13.11,110,6.9,2062,199098201
155230049,6.49,109,9.0,17131,1077388903
251132777,58.5,90,7.6,16661,2009432350
45174308,35.92,87,7.0,4383,160882536
174119120,55.64,130,8.2,24196,1068714355
130419072,5.41,105,5.6,25336,292082035
93248146,27.52,120,6.8,17661,564398609
247621134,19.19,113,8.8,3062,1412834785
26651903,13.69,189,6.5,3088,190098410
217732125,31.29,166,6.3,26972,628038050
222106422,51.42,151,8.4,8287,725470485
80050819,8.17,87,8.7,7383,449156751
204844690,41.49,162,5.4,19305,1222635489
16703881,59.83,105,9.1,14630,74493658
182999494,8.23,139,5.2,18905,739618816
271355831,2.74,167,6.9,11698,577367190
155245768,27.31,99,5.2,20389,814219100
272840394,25.31,150,7.2,2974,742417313
112083092,38.92,182,7.4,20768,807138371
15485078,59.37,180,8.2,15818,108632878
274720327,19.97,114,5.8,10548,576870957
155824577,4.46,140,7.4,25227,481460536
90697919,6.91,164,6.1,17587,589742653
35015728,46.08,108,7.6,26228,307404996
98260937,11.39,155,6.4,24286,647316130
20143284,42.5,125,9.3,18568,180081523
269262211,32.99,102,7.2,3057,1318859997
15698759,32.06,80,6.5,20223,40446406
100273042,55.21,188,8.9,2051,669291423
81049195,46.69,188,7.4,12056,497572083
217383750,35.57,123,6.4,4571,1702937139
239541927,47.72,142,7.9,5808,1752209525
196569257,14.17,155,8.7,12498,1139484788
73369635,11.48,80,9.3,18870,583406112
22385353,11.74,120,9.1,20133,112161142
271387326,9.3,175,5.4,11464,789227609
52634412,49.48,165,7.9,29153,146451161
117573393,15.72,88,6.6,25889,181930111
212198400,26.85,133,9.4,29084,1789025169
193565798,33.22,92,8.7,25945,1560550842
126108807,10.6,89,8.6,1194,459279917
61223832,5.38,101,9.0,5372,353628842
54985196,20.94,158,9.0,23185,378260898
93582193,36.83,135,5.7,3418,645570268
224730454,42.13,172,9.2,17798,1052150479
132532765,6.66,130,7.6,27620,292773102
7048470,26.23,117,8.7,20582,28159038
18816745,13.21,161,6.3,2784,43596837
218388658,28.79,164,6.2,21132,689726073
209786824,22.79,137,5.2,14509,578342257
149183123,34.29,99,8.4,21971,901316767
295688222,25.43,176,7.7,18240,1111081765
285559223,25.7,148,8.1,15659,1137505842
165445004,5.66,189,8.2,16552,805595217
84160359,8.1,176,7.0,5577,593487610
72745595,3.52,90,9.4,14366,434079391
84391528,50.21,113,6.4,23925,295428676
213359147,33.83,150,6.5,9150,1613306294
11637763,47.41,159,7.6,25714,63689207
84564129,34.43,154,8.4,3383,629598824
59218828,47.36,148,9.0,28866,342923367
265696348,34.75,140,5.2,9124,1310767300
220671730,3.29,122,8.1,1715,1626079813
204952576,2.19,184,8.6,10289,842496806
57730056,58.38,109,5.6,24470,447726043
149643751,44.0,157,7.9,6258,1327535809
223597921,44.72,177,7.3,12352,1522315795
90347683,4.87,170,7.3,4544,446328099
20541424,11.25,186,5.9,1988,63970936
198474896,42.57,115,6.7,15311,1282608238
71503733,41.19,110,6.7,19565,586102286
259789424,35.63,124,6.5,27548,2020085803
53528795,17.82,129,5.2,28078,323055984
123836955,39.2,166,5.9,21451,282653769
9777068,28.97,96,7.9,19798,42084667
168992425,43.05,170,7.9,13987,1658482670
251422685,15.87,139,6.4,17160,1113200603
59928392,1.43,164,9.3,27604,323686503
156760995,18.61,93,7.2,11119,1060539108
153651464,16.41,171,9.3,21447,483112244
134011193,54.08,183,8.9,26643,1158882235
80124081,43.56,163,7.2,9786,388704616
213453509,44.47,154,8.2,18844,1247405530
124380329,41.49,161,8.5,29805,771357223
166165868,50.88,187,8.0,18392,537188879
73689486,44.71,172,8.6,25099,825502424
185191305,39.61,108,6.6,24486,1057393223
182874533,22.93,154,6.3,27992,339409904
43233657,28.86,104,7.3,28526,253050733
226785269,4.19,189,5.7,6663,1074710185
250656793,9.45,190,8.2,25624,784968236
99931807,19.49,87,5.0,9062,410219981
90059206,29.89,177,8.5,4340,631114048
221570227,26.31,141,6.7,1336,1377851232
12557594,53.63,176,8.7,6344,33373509
138585896,14.35,124,6.4,3465,599632742
94668281,4.85,85,6.3,9629,351303907
286383519,20.93,167,9.5,11330,1985120478
106160457,10.73,183,6.8,7584,587681321
118381891,44.31,155,7.3,4135,781258000
25059336,23.14,161,6.2,17622,132377053
30748528,40.06,163,8.8,1680,191558809
209147185,8.29,112,7.1,5117,903376017
9995343,18.77,164,5.5,17149,38834014
78639105,25.71,93,7.3,20340,191187021
62049894,30.37,157,5.9,8717,515237139
197157820,42.5,117,5.7,18061,684829661
263054491,20.51,80,5.1,3016,1736021543
270270083,9.8,91,8.5,2559,819529299
142381025,39.02,138,9.4,9800,436488522
98792319,52.57,189,6.3,26366,568799787
67223905,6.6,177,9.0,416,461779159
96543083,20.39,136,9.3,8891,350540790
188997863,11.79,131,6.8,15059,619102733
261755834,48.19,163,9.0,5565,1920168496
36485542,58.91,188,5.7,13732,243905740
240236866,11.69,128,8.5,20132,1148028369
75145045,29.5,142,5.5,13576,168053869
173705214,1.73,166,7.4,24467,792564091
186623774,31.63,168,8.2,3220,1316988957
263734024,21.4,166,7.9,4971,1672580635
34294961,1.69,100,7.3,15477,233527122
45192971,45.33,121,6.1,9214,139088159
208279511,24.79,110,5.4,14655,961398748
272606606,27.38,95,9.4,24519,986905318
226372575,3.11,150,5.0,3078,1275984366
168529783,53.52,151,5.9,22102,782412582
34138782,49.18,188,7.0,18455,251847960
200042275,43.24,94,5.4,21691,729110928
161757483,33.31,127,8.2,1600,1083780197
224693353,7.31,158,5.9,4056,915920454
250374704,49.65,104,8.2,3631,891586095
71152798,46.56,137,7.1,19410,295519409
272806588,1.26,174,5.2,14282,1026114437
277909146,47.08,102,8.1,5790,1135124414
212986784,39.79,157,9.0,16618,1428566460
138272186,17.14,123,9.4,14938,526041348
280036083,18.64,169,7.5,10386,2229620272
121684897,12.85,159,8.2,22598,666255825
100462466,30.73,168,7.9,23376,398641523
262896639,35.39,165,8.2,22193,2362554938
158506413,52.77,134,8.6,17228,829857563
33489054,40.54,105,6.2,25840,115645138
139518916,9.64,87,8.1,9771,596416263
197566166,49.03,93,7.8,22235,1924209872
213781937,15.02,180,8.6,22910,1199313240
209860615,23.87,180,9.4,10345,743604405
139937742,12.98,179,8.9,14618,1224847896
202429508,45.55,149,8.3,6537,2172888600
162935461,27.48,167,5.3,5794,453713125
26815336,26.28,151,6.2,5373,94390893
182469545,28.51,99,5.2,10671,1074577660
166681262,29.94,153,7.5,2488,802526404
123091207,57.46,146,5.3,16652,629345584
221582888,6.42,108,9.0,21836,868305349
122276916,57.07,159,7.4,18493,1370082066
9726451,7.77,124,7.0,29738,64051957
135903711,57.57,167,9.0,12596,1675868378
212165566,16.14,172,6.3,29962,1179402073
281117574,48.37,137,7.2,9813,1293249651
280895116,5.86,92,5.8,25440,462009342
40149916,13.44,160,8.5,28442,304394142
115369690,32.73,169,9.0,24393,914558045
43719394,45.07,99,5.1,23590,109400859
34134951,11.5,112,7.5,18940,263090130
223846181,23.89,160,6.8,10467,993864574
292137018,1.35,172,7.8,24871,694019420
43971163,22.1,144,5.5,25884,224384117
156138525,46.15,136,6.7,27039,929219585
291403327,13.97,175,6.8,26231,1158848080
82349965,18.59,181,8.9,21331,645914544
80899519,8.27,80,7.6,13013,550993664
168579818,13.39,174,9.1,11367,1155283512
280174635,9.4,103,6.0,27453,519330440
34199497,51.23,150,7.1,18111,212369699
139586891,6.79,172,7.6,10941,677761645
130913865,6.9,159,5.3,6440,366319254
169108279,41.91,99,7.5,12043,1692128301
95537649,1.29,111,8.5,23437,452451077
197997578,8.92,173,6.5,15827,653965003
168998920,29.73,93,5.8,19977,470610507
80162823,53.59,105,6.2,29143,618729317
15002061,51.13,160,5.1,19167,106185313
119225020,54.47,150,6.2,29394,813130415
84796726,22.58,108,9.0,19420,407938605
254484527,30.57,91,6.8,16555,724314039
94036577,45.68,97,7.0,5970,608495715
83490018,44.42,141,9.2,1424,508985932
38748328,16.6,109,5.2,6875,195042753
213355902,28.71,138,9.0,1407,1218418024
284909944,38.38,115,8.8,8728,2008266040
207217566,39.57,126,7.6,29533,1399384535
207039975,58.39,108,7.3,11663,1251379256
263830883,53.34,80,7.3,4653,1149639533
281242240,38.97,107,5.7,5256,1635285081
68528052,40.01,133,8.7,23701,451962548
262172531,13.43,100,7.9,13564,485356453
91505548,8.95,145,5.2,18852,151047666
101656918,31.48,131,7.7,18568,847147163
157178541,56.89,107,7.0,15547,718590805
225528775,36.45,181,7.6,25249,1332848900
147013469,10.9,167,6.5,14959,329903872
208050675,23.74,93,5.1,17228,1013386048
230375731,49.76,157,5.4,15693,1598975268
290309281,30.7,95,5.4,21706,1182990590
5644355,53.92,179,8.1,14239,32834371
28320751,42.16,134,6.0,26389,192406908
193182816,35.75,174,9.1,27533,728749397
76877945,16.02,178,6.0,28249,269422538
296913371,25.11,104,5.0,24467,1518400060
68258750,31.67,128,7.9,22636,388916579
62221430,10.13,163,7.6,8662,304586489
201303678,37.1,167,6.8,6774,1379302745
264022905,11.54,151,7.5,8415,1625724093
218744283,44.41,189,8.9,4002,1488916399
91863095,6.92,145,6.8,11189,488871630
32945635,10.48,161,5.0,3084,131588380
238741483,6.2,113,6.0,2722,1163137638
220094570,37.22,146,6.3,19677,1202320618
99097968,38.78,136,5.0,27971,665866468
158548577,12.49,180,7.7,17002,920774116
24360174,22.22,163,5.0,5259,54800409
219444330,21.83,130,6.8,6663,1318778250
41838562,55.23,150,6.3,27289,280028282
191549267,57.83,115,6.0,6474,1005355411
7497229,16.41,132,7.3,18405,21608229
67818727,48.37,112,8.9,26745,368253265
242709602,58.0,152,7.2,8071,2607960126
251342374,41.21,155,8.9,15893,740489628
123316859,40.94,109,8.6,13614,930792588
10220097,42.35,113,6.1,3147,66509177
188606030,5.49,102,7.1,11684,710886135
103131653,56.88,167,9.2,6331,506599950
134953101,52.49,106,6.0,27459,790237761
88749482,46.96,95,9.1,22245,696172871
8556057,46.09,149,9.3,27887,66895940
269323224,53.99,153,8.9,16182,2228390962
279412782,17.54,108,8.4,4302,1579074540
261796134,56.44,84,7.3,13001,2500642188
250455251,58.61,169,7.3,10443,804875032
118146825,23.39,92,6.5,20179,421361863
146116001,14.99,140,9.3,11342,763562453
118028764,25.73,176,6.7,28094,515907246
75404802,58.78,167,6.0,3372,657442759
237045672,51.52,105,5.7,24300,1514694762
99815309,25.87,97,9.5,27932,663779531
174504773,47.33,118,6.1,28231,882774860
92693506,4.54,184,6.1,27591,342806115
184667360,16.33,126,7.5,26642,365226768
70088883,21.71,166,9.3,6619,491366374
294071837,11.3,179,6.3,10752,1278309241
244943777,53.49,128,7.8,15296,1021452187
94966430,38.79,123,6.9,20164,749408289
43302561,5.67,123,6.0,10483,212343228
217308462,17.0,136,8.5,12000,1294770174
246746880,25.43,103,8.8,4197,1831978723
47984428,13.42,130,5.5,2190,220515462
33897312,2.56,130,7.4,2827,123819028
50264264,39.64,129,6.4,8206,276576633
72866770,8.75,187,5.8,1251,412942406
179591126,51.99,139,9.4,17813,1556430161
77539262,58.2,169,7.4,19460,607911274
238526698,31.88,161,7.4,29883,1269039897
53078950,27.07,126,6.9,5202,107508250
78175749,21.29,140,7.4,22636,691787759
261123434,18.68,178,6.9,9698,1680180735
299319182,23.04,132,9.0,14423,1034999023
214231085,49.88,108,6.2,13935,1307271301
150956473,17.8,175,7.4,8908,969240254
102929108,9.06,94,7.9,20341,570308508
269138351,12.08,82,5.7,17629,1111486984
156459089,16.88,171,7.0,368,381344071
269988505,13.81,133,6.4,26296,965633970
22038736,20.48,187,8.4,4887,126028257
43324366,33.05,103,5.9,27675,160086238
11772890,8.2,178,8.2,12709,58929853
22990702,12.75,174,8.5,17176,84666438
213908796,41.21,119,9.2,5297,731483644
284670155,8.21,141,7.9,6611,612793736
121924175,58.42,110,7.8,10733,925981617
69236385,24.35,111,5.0,1476,352691470
88210666,22.91,91,6.1,16481,352592708
37240352,4.53,162,5.7,17675,89199251
129916241,19.69,151,8.5,24895,940290497
108597458,2.26,128,6.6,4514,168942398
239881025,33.98,149,8.1,6318,1508837910
178774847,44.21,115,8.9,19717,1441377994
41977834,32.34,137,6.3,8729,201526793
276633989,23.36,103,9.0,20407,2378158008
133197557,19.92,88,8.0,17760,514127132
272119669,46.18,99,7.8,10670,1322979746
56677207,31.87,88,5.2,4352,101198013
62474807,29.64,92,5.1,21128,371626735
287298193,37.81,155,6.2,12104,1619361610
12025549,55.88,106,8.0,29255,87417273
37588165,22.29,175,9.2,13729,326328287
36299586,49.59,114,7.4,24161,149615720
120910462,57.67,92,5.5,7669,460605731
287497189,39.76,152,7.8,5962,1868757288
61647492,46.21,153,6.6,15131,350122087
60889550,10.84,103,7.5,16637,157556853
242840346,56.08,120,7.5,10738,1610931221
236170208,49.74,121,7.7,18553,1318132069
141413061,22.24,137,7.0,13111,252782412
157730201,36.15,146,5.6,29274,537086579
124124516,13.67,120,5.1,27033,772548895
279486789,33.82,153,5.7,1336,806952736
147264445,22.66,154,6.1,8496,413682833
219640048,34.57,107,8.3,23810,1199911909
267141394,49.72,168,8.2,26953,2221359535
166272401,3.2,183,7.6,2671,1189134929
184524074,21.53,184,7.0,28537,945463280
11138786,38.4,160,6.7,10087,48722541
85305161,20.28,169,6.0,1755,619625839
244238393,45.42,153,7.3,7377,1883661620
84463552,8.8,90,7.1,24522,243905410
50676432,24.51,135,8.5,4372,307163018
111358704,29.78,163,7.6,18488,800405410
137202228,15.3,114,8.5,10697,833848490
65414013,40.63,134,6.6,6341,366243493
17995942,46.41,101,9.4,20292,185598026
83285699,26.99,184,6.1,22557,466112185
51071276,7.63,86,6.1,20449,340074623
159449757,1.81,168,8.6,10098,338090606
117211142,44.66,107,5.9,17246,729413513
80885317,42.01,165,5.1,19203,480941903
142147081,11.05,116,5.9,22923,292874908
9474379,4.93,164,6.2,28021,36939794
62923775,2.13,163,6.7,12574,295213101
174359134,29.6,156,7.4,6208,1233788926
16536530,3.35,147,6.4,16154,35471302
191176043,41.37,125,7.8,7839,2097482591
153111020,48.9,160,6.2,12786,1352466920
20819381,56.7,115,6.0,11299,166749993
52134588,44.06,146,9.3,20168,483454922
229054129,15.18,99,6.9,10336,999490848
296109530,8.77,163,5.6,17839,793410771
79147051,19.23,170,9.0,29904,585420665
82928098,39.72,152,9.1,10503,480114348
68558694,11.86,187,9.0,23924,229939327
227286113,57.71,118,7.0,27025,2460847312
151993196,9.97,104,5.5,6153,592784541
148270772,36.73,158,6.0,7708,310432418
47668044,41.6,141,5.6,27826,312310126
205767924,11.85,129,7.2,4606,528607664
224359632,46.11,81,9.2,13634,1673395309
113895446,45.71,88,5.8,14494,694655807
179427008,52.14,111,6.9,25535,1153312928
209211827,43.49,130,7.8,24429,1371838562
25675958,31.72,137,7.1,28862,169952031
283476366,32.73,174,5.2,12794,1468657422
31465292,12.2,136,6.8,10079,117499300
94381812,25.93,158,9.1,22708,339763922
247503567,6.34,144,5.5,25617,1291212123
298350082,8.98,132,6.5,916,1077307766
113411419,53.07,91,6.1,22766,860306761
93043621,43.38,95,5.4,23241,389895902
286222273,42.73,173,8.6,16866,1196578663
209336833,3.59,101,9.1,18630,1693724771
92039711,52.26,102,8.5,1781,484029219
244583065,18.04,103,5.5,4411,548074539
140887921,1.72,143,8.8,17909,852734991
269927968,15.03,155,8.0,14968,682853370
8528864,15.44,150,6.3,20699,50325916
31263082,11.91,87,7.9,1303,59605111
165224585,20.54,91,5.2,13762,520431281
157675640,37.05,168,8.1,18852,671071309
249457633,45.21,126,9.2,3151,1493316134
208441514,49.4,177,6.9,18137,1013270393
70510723,41.98,115,6.5,13658,476016777
36237612,7.45,173,9.4,17432,225448879
159182511,26.2,188,6.4,17316,887360918
74639211,37.24,143,7.3,20804,564089665
129941479,42.81,104,5.0,885,824599603
116309895,48.17,133,6.9,11037,874280209
118998060,1.67,105,8.1,8436,472409002
277026922,33.45,178,5.0,22573,993630523
20632274,50.09,104,6.5,11173,137126917
259745488,48.04,162,5.6,5191,2104252039
293282254,53.86,139,8.5,13664,1171921821
284749057,18.66,172,8.1,18292,1008506615
183090436,48.17,181,6.6,4992,466529540
206455859,37.96,187,5.7,19947,1072911463
170507327,42.61,120,8.2,8996,1034762805
132583211,22.92,186,9.3,7182,503831593
205905519,47.31,179,5.9,3134,518410593
264127827,54.39,99,5.9,15942,1707837949
180738226,9.45,92,8.7,17013,579070307
24623994,28.1,171,8.9,3895,176021070
51748515,20.66,85,5.5,25206,181785215
172580443,38.69,106,6.4,6409,860923028
241822147,40.6,114,5.7,9066,1532674524
280984216,7.04,149,6.6,10536,1445455124
157078187,34.87,101,5.3,20195,904801070
32233412,8.67,140,9.1,1753,69456098
233957055,24.12,170,7.7,19523,1563327527
244356521,37.36,119,6.5,6592,1674779006
291412543,5.63,176,8.4,18705,1523675666
256403712,6.74,119,8.1,23372,1295346730
125148735,9.48,158,6.2,12009,557919208
182343471,47.54,121,7.0,1091,518148322
261974380,28.21,101,6.3,11523,769793043
60261309,24.94,171,8.6,10778,182683011
167198432,32.43,131,7.7,7917,1033975630
263972921,23.65,123,5.9,22842,1597499757
238728743,34.47,123,7.5,7838,1380452346
266257656,7.75,156,7.1,18289,828534575
170375417,57.4,88,7.7,22562,1647468090
208426303,20.32,162,8.0,3066,568364887
5098964,45.67,164,5.7,17508,27767734
245067075,12.54,167,8.9,9921,1931804801
168504105,55.19,135,8.2,11380,1463055787
279031732,24.85,96,8.8,2145,1605971906
33522510,1.05,151,8.7,11871,95519529
21742180,14.88,169,7.7,20587,83214010
209851172,26.68,107,8.0,15660,1038906293
198428086,50.56,99,6.3,28697,726542773
43518336,39.25,98,8.2,16048,431261510
77894049,6.0,162,8.6,28285,485285386
233548187,37.77,138,7.3,18189,1299132902
126193732,11.96,157,5.0,16423,378869205
274363601,16.89,149,7.6,1196,1750490991
202879131,7.68,141,9.3,2723,1122152833
155012669,28.43,90,7.4,20090,654920440
46919908,41.36,149,8.6,10339,452650910
292243794,46.93,140,7.0,29789,2160264885
231031302,21.82,182,6.3,5588,1170327348
168246789,43.89,152,6.2,20720,572310803
32713212,39.72,117,8.6,20557,169441454
73086684,30.83,188,8.5,8359,279848980
142952054,1.84,94,7.7,29923,387739257
244795094,22.82,102,6.2,23062,615847915
288139733,51.86,123,9.4,4853,2915439738
271260203,45.41,132,8.5,7897,2343377411
94809517,13.44,173,8.8,1880,676767253
67274000,4.1,139,6.8,9975,389626706
290894945,14.79,167,8.2,15651,1352238940
238396217,1.7,182,7.0,22332,859181841
27021164,6.74,148,7.9,27764,173319283
151345960,20.76,114,8.6,8467,775166353
134813759,44.32,155,8.5,17137,1000893514
101592016,19.48,81,8.0,27352,382731851
286999107,7.13,137,6.6,23865,657830566
17724095,37.54,87,9.2,21615,89778100
70385576,42.78,95,5.4,19914,346774220
104196895,53.86,169,5.8,9752,871609047
248440764,55.44,115,8.5,22782,2552011087
178626269,16.18,179,5.3,25564,438783694
37243742,16.24,184,6.2,14536,184204280
112733410,37.01,102,7.9,3653,745742281
122245358,37.22,93,9.1,23542,348647563
42802330,34.71,112,8.5,714,181519407
5465808,56.04,165,6.8,5067,53139623
6988436,31.41,178,7.2,14388,44768178
42634483,32.87,80,6.7,22685,245887529
292389184,56.17,125,6.5,10023,1979985276
53676461,22.56,189,9.3,2736,459752349
160670375,39.22,102,7.5,12688,770612397
214435878,53.89,160,8.1,16041,1429939526
106717978,9.26,104,5.1,19529,261720092
295206668,38.96,143,7.4,27436,2895537857
13814500,3.19,87,6.5,23726,21593862
285847719,28.04,166,8.9,17682,1602505475
43672678,3.18,98,7.2,724,255402858
29589598,15.32,163,5.6,5744,179420040
57233373,27.91,101,8.8,2195,212706184
271901881,36.1,158,6.0,26460,964654094
220826729,20.13,167,7.6,4600,1540095504
119477968,46.09,155,5.8,2171,323740882
227884283,10.92,127,7.5,14474,985772025
76602946,6.9,188,7.8,12425,181134174
266438673,5.76,80,5.8,3020,1179503629
157327214,25.56,183,8.6,15697,649333744
150465037,31.86,132,6.1,5819,373307611
101637015,43.31,158,9.3,20651,597346389
229833954,1.27,110,5.9,17473,1160487026
294761485,30.94,139,8.5,21704,776880918
65494140,48.0,167,8.8,29967,282566515
28147513,4.19,126,6.3,14343,99828520
248281782,3.56,174,5.2,17708,799922738
265415353,31.38,89,9.0,23738,1737366327
229984492,12.73,166,9.0,7638,1099512088
57647783,14.99,132,8.9,12405,189117738
265064412,4.21,135,5.7,20069,771742854
78231670,28.01,104,7.8,8937,218845271
37025275,17.56,94,8.8,15126,250191138
123032982,53.3,157,5.7,26136,822622963
96233417,35.11,150,8.8,2933,592969623
121201739,35.9,187,7.1,575,918510825
137421453,15.62,135,7.6,29323,1183969661
7726004,25.65,85,5.2,15522,36440198
233544683,32.34,141,8.6,22927,1487196574
134123626,5.9,176,5.1,24079,278636030
197417585,18.45,162,9.5,621,886639644
251575595,51.62,175,7.6,15004,954007027
222626195,11.91,127,7.8,23165,1565436622
42956018,23.71,168,6.5,1171,231620066
296217631,34.94,106,8.5,2752,1535970654
34426792,31.37,166,6.6,1789,122451661
26944242,22.57,102,7.9,23197,141859560
114904237,9.17,122,6.1,3821,605236956
117632280,45.44,177,6.0,11657,745808789
232058344,17.35,88,6.7,14924,1060828634
70879126,28.74,148,8.1,17560,436941363
202646796,48.19,168,8.6,29038,1668600657
250819298,6.15,130,9.0,9549,801880631
93458189,17.28,169,5.7,5031,464774909
17181747,18.3,167,7.4,4426,74680358
16533220,18.2,88,5.1,26379,78881208
185322789,25.29,123,8.0,25882,1027280867
289630827,50.67,136,7.1,18687,2036995305
97200664,47.57,109,7.2,9541,321874738
194580339,17.78,101,7.8,5368,809150613
99145331,50.52,168,9.1,26132,440169313
27093017,59.63,153,5.6,8633,101745136
23623561,40.27,124,5.7,14794,75931175
166898669,8.17,83,6.8,16464,1176412141
176915694,10.21,174,7.5,16726,897420147
259428853,53.86,176,9.4,18899,2663980241
242353600,20.98,94,8.3,29596,1253835755
67747379,19.18,131,7.8,7320,182633932
34545959,36.88,104,7.6,7379,286148230
110074055,2.33,148,8.8,22286,305543990
279763832,24.27,142,6.4,19927,662474294
198845227,24.46,171,8.8,12212,499008775
190177630,21.73,137,8.9,2970,1365563329
228128797,48.42,116,5.7,23955,1352584610
227368596,9.23,155,7.7,4806,861252693
287018851,59.21,88,9.2,19455,1254845151
224827506,38.69,114,6.9,18312,1314346305
78512144,12.76,186,6.7,18249,452610180
167131202,50.24,118,7.2,24343,483005101
6313549,10.09,118,9.3,27436,20670292
159451873,25.61,142,9.1,21228,492100451
153829761,30.09,88,7.7,11954,936829044
143465200,38.05,140,9.4,26913,838051554
14419440,50.87,100,7.6,4888,122442410
77744608,22.09,86,6.2,13846,557872963
31153615,18.1,147,7.9,2617,204939259
103380251,46.12,156,8.4,17916,504412492
166636967,17.02,169,8.1,3240,718561242
82157753,1.76,146,6.3,25619,240263774
92525606,7.04,99,7.3,27349,476808580
287207711,50.92,171,7.5,24882,1831610850
